{"cameraMode":{"drawMode":0,"name":"Shaded","section":"Shading Mode"},"sceneLighting":false,"audioPlay":false,"sceneViewState":{"m_AlwaysRefresh":false,"showFog":true,"showSkybox":false,"showFlares":true,"showImageEffects":true,"showParticleSystems":true,"showVisualEffectGraphs":true,"m_FxEnabled":true},"in2DMode":false,"pivot":{"x":-1.4701272249221802,"y":10.999885559082032,"z":0.046737074851989749},"rotation":{"x":-0.02849164418876171,"y":-0.0158848837018013,"z":0.0004119722289033234,"w":-0.9994300007820129},"size":13.913578987121582,"orthographic":false}